{"stats":{"minecraft:picked_up":{"minecraft:bone":1,"minecraft:arrow":1,"minecraft:gunpowder":3},"minecraft:custom":{"minecraft:jump":60,"minecraft:time_since_rest":2516,"minecraft:damage_dealt":780,"minecraft:damage_taken":30,"minecraft:leave_game":2,"minecraft:crouch_one_cm":152,"minecraft:time_since_death":2516,"minecraft:play_time":2516,"minecraft:sprint_one_cm":8681,"minecraft:walk_one_cm":4367,"minecraft:walk_on_water_one_cm":270,"minecraft:walk_under_water_one_cm":1067,"minecraft:sneak_time":31,"minecraft:total_world_time":2516,"minecraft:mob_kills":4,"minecraft:fall_one_cm":1769,"minecraft:fly_one_cm":10186},"minecraft:used":{"minecraft:netherite_sword":12},"minecraft:killed":{"minecraft:skeleton":2,"minecraft:creeper":2}},"DataVersion":3465}