{"stats":{"minecraft:picked_up":{"minecraft:bone":1,"minecraft:arrow":1,"minecraft:gunpowder":3},"minecraft:killed":{"minecraft:skeleton":2,"minecraft:creeper":2},"minecraft:used":{"minecraft:netherite_sword":12},"minecraft:custom":{"minecraft:jump":79,"minecraft:time_since_rest":6027,"minecraft:damage_dealt":780,"minecraft:damage_taken":30,"minecraft:leave_game":3,"minecraft:crouch_one_cm":152,"minecraft:play_time":6027,"minecraft:time_since_death":6027,"minecraft:sprint_one_cm":10882,"minecraft:walk_one_cm":4961,"minecraft:walk_on_water_one_cm":270,"minecraft:walk_under_water_one_cm":1067,"minecraft:sneak_time":31,"minecraft:total_world_time":6027,"minecraft:mob_kills":4,"minecraft:fall_one_cm":1769,"minecraft:fly_one_cm":12004}},"DataVersion":3465}