{"stats":{"minecraft:custom":{"minecraft:jump":60,"minecraft:leave_game":1,"minecraft:time_since_rest":2085,"minecraft:walk_on_water_one_cm":118,"minecraft:crouch_one_cm":152,"minecraft:damage_dealt":780,"minecraft:sprint_one_cm":8681,"minecraft:play_time":2085,"minecraft:damage_taken":30,"minecraft:time_since_death":2085,"minecraft:walk_one_cm":4365,"minecraft:walk_under_water_one_cm":90,"minecraft:sneak_time":31,"minecraft:total_world_time":2085,"minecraft:mob_kills":4,"minecraft:fall_one_cm":1769,"minecraft:fly_one_cm":9197},"minecraft:used":{"minecraft:netherite_sword":12},"minecraft:killed":{"minecraft:skeleton":2,"minecraft:creeper":2},"minecraft:picked_up":{"minecraft:arrow":1,"minecraft:bone":1,"minecraft:gunpowder":3}},"DataVersion":3465}