{"stats":{"minecraft:used":{"minecraft:netherite_sword":12},"minecraft:picked_up":{"minecraft:bone":1,"minecraft:arrow":1,"minecraft:gunpowder":3},"minecraft:custom":{"minecraft:jump":97,"minecraft:time_since_rest":12302,"minecraft:damage_dealt":780,"minecraft:damage_taken":30,"minecraft:leave_game":5,"minecraft:crouch_one_cm":470,"minecraft:play_time":12302,"minecraft:time_since_death":12302,"minecraft:sprint_one_cm":13874,"minecraft:walk_one_cm":5684,"minecraft:walk_on_water_one_cm":270,"minecraft:walk_under_water_one_cm":1067,"minecraft:sneak_time":96,"minecraft:total_world_time":12302,"minecraft:mob_kills":4,"minecraft:fall_one_cm":1769,"minecraft:fly_one_cm":15126},"minecraft:killed":{"minecraft:skeleton":2,"minecraft:creeper":2}},"DataVersion":3465}