{"stats":{"minecraft:picked_up":{"minecraft:bone":1,"minecraft:arrow":1,"minecraft:gunpowder":3},"minecraft:custom":{"minecraft:jump":80,"minecraft:time_since_rest":10786,"minecraft:damage_dealt":780,"minecraft:damage_taken":30,"minecraft:leave_game":4,"minecraft:crouch_one_cm":249,"minecraft:time_since_death":10786,"minecraft:play_time":10786,"minecraft:sprint_one_cm":11362,"minecraft:walk_one_cm":5293,"minecraft:walk_on_water_one_cm":270,"minecraft:walk_under_water_one_cm":1067,"minecraft:sneak_time":43,"minecraft:total_world_time":10786,"minecraft:mob_kills":4,"minecraft:fall_one_cm":1769,"minecraft:fly_one_cm":12192},"minecraft:used":{"minecraft:netherite_sword":12},"minecraft:killed":{"minecraft:skeleton":2,"minecraft:creeper":2}},"DataVersion":3465}